{
  "Small_M100": {
    "config": {
      "name": "Small_M100",
      "M": 100,
      "N": 20,
      "n": 50,
      "iterations": 100,
      "description": "小规模场景"
    },
    "results": {
      "bcbo": {
        "fitness": 105.14090734382049,
        "time": 7.034564733505249,
        "success": true
      },
      "bcbo_de": {
        "fitness": 107.13306679391594,
        "time": 1.4619765281677246,
        "success": true,
        "scale_params": {
          "F_scale": 1.0,
          "CR_scale": 1.0,
          "elite_ratio": 0.2,
          "intensity_scale": 0.0
        },
        "diagnosis": "已收敛"
      },
      "comparison": {
        "improvement": 1.8947520051172007,
        "winner": "BCBO-DE",
        "time_speedup": 79.21724252242062
      }
    }
  },
  "Medium_M200": {
    "config": {
      "name": "Medium_M200",
      "M": 200,
      "N": 20,
      "n": 100,
      "iterations": 80,
      "description": "中小规模场景"
    },
    "results": {
      "bcbo": {
        "fitness": 195.75849293217632,
        "time": 18.096907377243042,
        "success": true
      },
      "bcbo_de": {
        "fitness": 188.35623247868594,
        "time": 3.9352259635925293,
        "success": true,
        "scale_params": {
          "F_scale": 0.9,
          "CR_scale": 0.85,
          "elite_ratio": 0.15,
          "intensity_scale": 0.75
        },
        "diagnosis": "可能停滞"
      },
      "comparison": {
        "improvement": -3.781322762867314,
        "winner": "BCBO",
        "time_speedup": 78.25470462129293
      }
    }
  },
  "Medium_M500": {
    "config": {
      "name": "Medium_M500",
      "M": 500,
      "N": 20,
      "n": 100,
      "iterations": 80,
      "description": "中规模场景"
    },
    "results": {
      "bcbo": {
        "fitness": 467.3079167446057,
        "time": 33.84453248977661,
        "success": true
      },
      "bcbo_de": {
        "fitness": 497.0543395195957,
        "time": 9.964363098144531,
        "success": true,
        "scale_params": {
          "F_scale": 0.9,
          "CR_scale": 0.85,
          "elite_ratio": 0.15,
          "intensity_scale": 0.75
        },
        "diagnosis": "正常优化"
      },
      "comparison": {
        "improvement": 6.3654865901292075,
        "winner": "BCBO-DE",
        "time_speedup": 70.55842594027717
      }
    }
  },
  "Large_M1000": {
    "config": {
      "name": "Large_M1000",
      "M": 1000,
      "N": 20,
      "n": 150,
      "iterations": 100,
      "description": "大规模场景"
    },
    "results": {
      "bcbo": {
        "fitness": 995.5915953151799,
        "time": 126.10396027565002,
        "success": true
      },
      "bcbo_de": {
        "fitness": 975.7325666930948,
        "time": 38.727354288101196,
        "success": true,
        "scale_params": {
          "F_scale": 0.8,
          "CR_scale": 0.75,
          "elite_ratio": 0.15,
          "intensity_scale": 0.95
        },
        "diagnosis": "可能停滞"
      },
      "comparison": {
        "improvement": -1.9946962906811454,
        "winner": "BCBO",
        "time_speedup": 69.2893433295455
      }
    }
  }
}