{
  "chart_set": 4,
  "seeds": [
    42,
    43,
    44,
    45,
    46,
    47,
    48,
    49,
    50,
    51
  ],
  "success_count": 10,
  "failed_seeds": [],
  "total_time_seconds": 24139.519529104233,
  "avg_time_per_seed_seconds": 2413.951952910423,
  "generation_timestamp": "2025-12-03T05:54:13.512537"
}